pair_id,image_id_a,class_name_a,split_a,relative_path_a,image_id_b,class_name_b,split_b,relative_path_b,hamming_distance,same_class,decision,review_notes
Birman_120__Russian_Blue_226,Birman_120,Birman,train,images/Birman_120.jpg,Russian_Blue_226,Russian Blue,val,images/Russian_Blue_226.jpg,5,False,different images,
Birman_120__Siamese_233,Birman_120,Birman,train,images/Birman_120.jpg,Siamese_233,Siamese,train,images/Siamese_233.jpg,5,False,different images,
Birman_120__beagle_56,Birman_120,Birman,train,images/Birman_120.jpg,beagle_56,Beagle,train,images/beagle_56.jpg,5,False,different images,
Birman_133__Siamese_151,Birman_133,Birman,test,images/Birman_133.jpg,Siamese_151,Siamese,test,images/Siamese_151.jpg,5,False,different images,
Birman_136__Russian_Blue_166,Birman_136,Birman,train,images/Birman_136.jpg,Russian_Blue_166,Russian Blue,train,images/Russian_Blue_166.jpg,5,False,different images,
Birman_140__samoyed_83,Birman_140,Birman,train,images/Birman_140.jpg,samoyed_83,Samoyed,train,images/samoyed_83.jpg,5,False,different images,
Birman_147__Sphynx_172,Birman_147,Birman,train,images/Birman_147.jpg,Sphynx_172,Sphynx,train,images/Sphynx_172.jpg,5,False,different images,
Birman_196__beagle_7,Birman_196,Birman,test,images/Birman_196.jpg,beagle_7,Beagle,train,images/beagle_7.jpg,5,False,different images,
Birman_199__Birman_25,Birman_199,Birman,train,images/Birman_199.jpg,Birman_25,Birman,test,images/Birman_25.jpg,0,True,duplicate,
Birman_6__beagle_7,Birman_6,Birman,train,images/Birman_6.jpg,beagle_7,Beagle,train,images/beagle_7.jpg,5,False,different images,
Birman_68__British_Shorthair_116,Birman_68,Birman,train,images/Birman_68.jpg,British_Shorthair_116,British Shorthair,test,images/British_Shorthair_116.jpg,5,False,different images,
British_Shorthair_117__beagle_95,British_Shorthair_117,British Shorthair,train,images/British_Shorthair_117.jpg,beagle_95,Beagle,val,images/beagle_95.jpg,3,False,different images,
British_Shorthair_117__pug_9,British_Shorthair_117,British Shorthair,train,images/British_Shorthair_117.jpg,pug_9,Pug,train,images/pug_9.jpg,4,False,different images,
British_Shorthair_121__Russian_Blue_168,British_Shorthair_121,British Shorthair,test,images/British_Shorthair_121.jpg,Russian_Blue_168,Russian Blue,train,images/Russian_Blue_168.jpg,4,False,different images,
British_Shorthair_135__pug_185,British_Shorthair_135,British Shorthair,test,images/British_Shorthair_135.jpg,pug_185,Pug,train,images/pug_185.jpg,5,False,different images,
British_Shorthair_135__samoyed_26,British_Shorthair_135,British Shorthair,test,images/British_Shorthair_135.jpg,samoyed_26,Samoyed,train,images/samoyed_26.jpg,5,False,different images,
British_Shorthair_137__British_Shorthair_187,British_Shorthair_137,British Shorthair,train,images/British_Shorthair_137.jpg,British_Shorthair_187,British Shorthair,val,images/British_Shorthair_187.jpg,5,True,different images,
British_Shorthair_137__pug_9,British_Shorthair_137,British Shorthair,train,images/British_Shorthair_137.jpg,pug_9,Pug,train,images/pug_9.jpg,5,False,different images,
British_Shorthair_153__British_Shorthair_2,British_Shorthair_153,British Shorthair,train,images/British_Shorthair_153.jpg,British_Shorthair_2,British Shorthair,val,images/British_Shorthair_2.jpg,5,True,different images,
British_Shorthair_155__British_Shorthair_22,British_Shorthair_155,British Shorthair,train,images/British_Shorthair_155.jpg,British_Shorthair_22,British Shorthair,train,images/British_Shorthair_22.jpg,5,True,different images,
British_Shorthair_160__British_Shorthair_278,British_Shorthair_160,British Shorthair,train,images/British_Shorthair_160.jpg,British_Shorthair_278,British Shorthair,train,images/British_Shorthair_278.jpg,0,True,duplicate,
British_Shorthair_167__samoyed_158,British_Shorthair_167,British Shorthair,train,images/British_Shorthair_167.jpg,samoyed_158,Samoyed,train,images/samoyed_158.jpg,4,False,different images,
British_Shorthair_173__samoyed_188,British_Shorthair_173,British Shorthair,val,images/British_Shorthair_173.jpg,samoyed_188,Samoyed,train,images/samoyed_188.jpg,4,False,different images,
British_Shorthair_174__British_Shorthair_195,British_Shorthair_174,British Shorthair,test,images/British_Shorthair_174.jpg,British_Shorthair_195,British Shorthair,train,images/British_Shorthair_195.jpg,5,True,different images,
British_Shorthair_174__Maine_Coon_66,British_Shorthair_174,British Shorthair,test,images/British_Shorthair_174.jpg,Maine_Coon_66,Maine Coon,train,images/Maine_Coon_66.jpg,4,False,different images,
British_Shorthair_186__British_Shorthair_271,British_Shorthair_186,British Shorthair,val,images/British_Shorthair_186.jpg,British_Shorthair_271,British Shorthair,train,images/British_Shorthair_271.jpg,0,True,duplicate,
British_Shorthair_187__pug_9,British_Shorthair_187,British Shorthair,val,images/British_Shorthair_187.jpg,pug_9,Pug,train,images/pug_9.jpg,2,False,different images,
British_Shorthair_213__Russian_Blue_12,British_Shorthair_213,British Shorthair,train,images/British_Shorthair_213.jpg,Russian_Blue_12,Russian Blue,val,images/Russian_Blue_12.jpg,5,False,different images,
British_Shorthair_22__British_Shorthair_61,British_Shorthair_22,British Shorthair,train,images/British_Shorthair_22.jpg,British_Shorthair_61,British Shorthair,test,images/British_Shorthair_61.jpg,4,True,different images,
British_Shorthair_22__Maine_Coon_67,British_Shorthair_22,British Shorthair,train,images/British_Shorthair_22.jpg,Maine_Coon_67,Maine Coon,train,images/Maine_Coon_67.jpg,2,False,different images,
British_Shorthair_273__Russian_Blue_32,British_Shorthair_273,British Shorthair,train,images/British_Shorthair_273.jpg,Russian_Blue_32,Russian Blue,val,images/Russian_Blue_32.jpg,5,False,different images,
British_Shorthair_273__Russian_Blue_59,British_Shorthair_273,British Shorthair,train,images/British_Shorthair_273.jpg,Russian_Blue_59,Russian Blue,train,images/Russian_Blue_59.jpg,5,False,different images,
British_Shorthair_57__British_Shorthair_58,British_Shorthair_57,British Shorthair,train,images/British_Shorthair_57.jpg,British_Shorthair_58,British Shorthair,train,images/British_Shorthair_58.jpg,4,True,near-duplicate,
British_Shorthair_61__Maine_Coon_67,British_Shorthair_61,British Shorthair,test,images/British_Shorthair_61.jpg,Maine_Coon_67,Maine Coon,train,images/Maine_Coon_67.jpg,4,False,different images,
British_Shorthair_67__Maine_Coon_42,British_Shorthair_67,British Shorthair,train,images/British_Shorthair_67.jpg,Maine_Coon_42,Maine Coon,train,images/Maine_Coon_42.jpg,4,False,different images,
British_Shorthair_67__Russian_Blue_75,British_Shorthair_67,British Shorthair,train,images/British_Shorthair_67.jpg,Russian_Blue_75,Russian Blue,train,images/Russian_Blue_75.jpg,5,False,different images,
British_Shorthair_67__samoyed_188,British_Shorthair_67,British Shorthair,train,images/British_Shorthair_67.jpg,samoyed_188,Samoyed,train,images/samoyed_188.jpg,5,False,different images,
British_Shorthair_88__american_bulldog_103,British_Shorthair_88,British Shorthair,train,images/British_Shorthair_88.jpg,american_bulldog_103,American Bulldog,test,images/american_bulldog_103.jpg,3,False,different images,
Maine_Coon_140__samoyed_141,Maine_Coon_140,Maine Coon,train,images/Maine_Coon_140.jpg,samoyed_141,Samoyed,test,images/samoyed_141.jpg,5,False,different images,
Maine_Coon_140__samoyed_194,Maine_Coon_140,Maine Coon,train,images/Maine_Coon_140.jpg,samoyed_194,Samoyed,train,images/samoyed_194.jpg,4,False,different images,
Maine_Coon_149__samoyed_10,Maine_Coon_149,Maine Coon,train,images/Maine_Coon_149.jpg,samoyed_10,Samoyed,train,images/samoyed_10.jpg,5,False,different images,
Maine_Coon_180__Maine_Coon_33,Maine_Coon_180,Maine Coon,train,images/Maine_Coon_180.jpg,Maine_Coon_33,Maine Coon,val,images/Maine_Coon_33.jpg,5,True,different images,
Maine_Coon_180__beagle_184,Maine_Coon_180,Maine Coon,train,images/Maine_Coon_180.jpg,beagle_184,Beagle,test,images/beagle_184.jpg,5,False,different images,
Maine_Coon_180__samoyed_188,Maine_Coon_180,Maine Coon,train,images/Maine_Coon_180.jpg,samoyed_188,Samoyed,train,images/samoyed_188.jpg,5,False,different images,
Maine_Coon_180__samoyed_194,Maine_Coon_180,Maine Coon,train,images/Maine_Coon_180.jpg,samoyed_194,Samoyed,train,images/samoyed_194.jpg,3,False,different images,
Maine_Coon_253__beagle_184,Maine_Coon_253,Maine Coon,train,images/Maine_Coon_253.jpg,beagle_184,Beagle,test,images/beagle_184.jpg,5,False,different images,
Maine_Coon_42__samoyed_188,Maine_Coon_42,Maine Coon,train,images/Maine_Coon_42.jpg,samoyed_188,Samoyed,train,images/samoyed_188.jpg,5,False,different images,
Russian_Blue_160__pug_185,Russian_Blue_160,Russian Blue,test,images/Russian_Blue_160.jpg,pug_185,Pug,train,images/pug_185.jpg,5,False,different images,
Russian_Blue_168__beagle_138,Russian_Blue_168,Russian Blue,train,images/Russian_Blue_168.jpg,beagle_138,Beagle,train,images/beagle_138.jpg,4,False,different images,
Russian_Blue_211__Russian_Blue_237,Russian_Blue_211,Russian Blue,train,images/Russian_Blue_211.jpg,Russian_Blue_237,Russian Blue,train,images/Russian_Blue_237.jpg,3,True,different images,
Russian_Blue_211__beagle_95,Russian_Blue_211,Russian Blue,train,images/Russian_Blue_211.jpg,beagle_95,Beagle,val,images/beagle_95.jpg,5,False,different images,
Russian_Blue_211__pug_9,Russian_Blue_211,Russian Blue,train,images/Russian_Blue_211.jpg,pug_9,Pug,train,images/pug_9.jpg,4,False,different images,
Russian_Blue_237__beagle_203,Russian_Blue_237,Russian Blue,train,images/Russian_Blue_237.jpg,beagle_203,Beagle,test,images/beagle_203.jpg,4,False,different images,
Russian_Blue_45__Sphynx_144,Russian_Blue_45,Russian Blue,test,images/Russian_Blue_45.jpg,Sphynx_144,Sphynx,train,images/Sphynx_144.jpg,5,False,different images,
Russian_Blue_64__samoyed_76,Russian_Blue_64,Russian Blue,train,images/Russian_Blue_64.jpg,samoyed_76,Samoyed,train,images/samoyed_76.jpg,4,False,different images,
Sphynx_139__samoyed_21,Sphynx_139,Sphynx,train,images/Sphynx_139.jpg,samoyed_21,Samoyed,val,images/samoyed_21.jpg,4,False,different images,
Sphynx_152__beagle_118,Sphynx_152,Sphynx,train,images/Sphynx_152.jpg,beagle_118,Beagle,val,images/beagle_118.jpg,4,False,different images,
Sphynx_152__beagle_54,Sphynx_152,Sphynx,train,images/Sphynx_152.jpg,beagle_54,Beagle,train,images/beagle_54.jpg,4,False,different images,
Sphynx_158__samoyed_69,Sphynx_158,Sphynx,test,images/Sphynx_158.jpg,samoyed_69,Samoyed,train,images/samoyed_69.jpg,5,False,different images,
Sphynx_18__beagle_17,Sphynx_18,Sphynx,train,images/Sphynx_18.jpg,beagle_17,Beagle,test,images/beagle_17.jpg,4,False,different images,
Sphynx_18__beagle_183,Sphynx_18,Sphynx,train,images/Sphynx_18.jpg,beagle_183,Beagle,test,images/beagle_183.jpg,4,False,different images,
Sphynx_18__samoyed_188,Sphynx_18,Sphynx,train,images/Sphynx_18.jpg,samoyed_188,Samoyed,train,images/samoyed_188.jpg,5,False,different images,
Sphynx_18__samoyed_194,Sphynx_18,Sphynx,train,images/Sphynx_18.jpg,samoyed_194,Samoyed,train,images/samoyed_194.jpg,5,False,different images,
Sphynx_73__samoyed_117,Sphynx_73,Sphynx,test,images/Sphynx_73.jpg,samoyed_117,Samoyed,train,images/samoyed_117.jpg,5,False,different images,
Sphynx_95__american_bulldog_21,Sphynx_95,Sphynx,test,images/Sphynx_95.jpg,american_bulldog_21,American Bulldog,train,images/american_bulldog_21.jpg,4,False,different images,
american_bulldog_103__pug_7,american_bulldog_103,American Bulldog,test,images/american_bulldog_103.jpg,pug_7,Pug,train,images/pug_7.jpg,5,False,different images,
american_bulldog_139__american_bulldog_5,american_bulldog_139,American Bulldog,train,images/american_bulldog_139.jpg,american_bulldog_5,American Bulldog,train,images/american_bulldog_5.jpg,3,True,different images,
american_bulldog_28__pug_106,american_bulldog_28,American Bulldog,test,images/american_bulldog_28.jpg,pug_106,Pug,train,images/pug_106.jpg,5,False,different images,
beagle_118__beagle_166,beagle_118,Beagle,val,images/beagle_118.jpg,beagle_166,Beagle,train,images/beagle_166.jpg,4,True,different images,
beagle_118__beagle_56,beagle_118,Beagle,val,images/beagle_118.jpg,beagle_56,Beagle,train,images/beagle_56.jpg,5,True,different images,
beagle_118__pug_133,beagle_118,Beagle,val,images/beagle_118.jpg,pug_133,Pug,train,images/pug_133.jpg,5,False,different images,
beagle_118__samoyed_194,beagle_118,Beagle,val,images/beagle_118.jpg,samoyed_194,Samoyed,train,images/samoyed_194.jpg,5,False,different images,
beagle_165__samoyed_188,beagle_165,Beagle,train,images/beagle_165.jpg,samoyed_188,Samoyed,train,images/samoyed_188.jpg,5,False,different images,
beagle_17__beagle_183,beagle_17,Beagle,test,images/beagle_17.jpg,beagle_183,Beagle,test,images/beagle_183.jpg,4,True,different images,
beagle_17__samoyed_194,beagle_17,Beagle,test,images/beagle_17.jpg,samoyed_194,Samoyed,train,images/samoyed_194.jpg,5,False,different images,
beagle_178__samoyed_190,beagle_178,Beagle,test,images/beagle_178.jpg,samoyed_190,Samoyed,val,images/samoyed_190.jpg,5,False,different images,
beagle_183__samoyed_188,beagle_183,Beagle,test,images/beagle_183.jpg,samoyed_188,Samoyed,train,images/samoyed_188.jpg,5,False,different images,
beagle_183__samoyed_194,beagle_183,Beagle,test,images/beagle_183.jpg,samoyed_194,Samoyed,train,images/samoyed_194.jpg,3,False,different images,
beagle_54__samoyed_188,beagle_54,Beagle,train,images/beagle_54.jpg,samoyed_188,Samoyed,train,images/samoyed_188.jpg,5,False,different images,
beagle_95__pug_9,beagle_95,Beagle,val,images/beagle_95.jpg,pug_9,Pug,train,images/pug_9.jpg,5,False,different images,
pug_122__pug_147,pug_122,Pug,train,images/pug_122.jpg,pug_147,Pug,test,images/pug_147.jpg,5,True,different images,
pug_133__samoyed_194,pug_133,Pug,train,images/pug_133.jpg,samoyed_194,Samoyed,train,images/samoyed_194.jpg,4,False,different images,
pug_177__pug_188,pug_177,Pug,test,images/pug_177.jpg,pug_188,Pug,train,images/pug_188.jpg,5,True,different images,
pug_185__samoyed_26,pug_185,Pug,train,images/pug_185.jpg,samoyed_26,Samoyed,train,images/samoyed_26.jpg,2,False,different images,
samoyed_102__samoyed_69,samoyed_102,Samoyed,train,images/samoyed_102.jpg,samoyed_69,Samoyed,train,images/samoyed_69.jpg,5,True,different images,
samoyed_121__samoyed_72,samoyed_121,Samoyed,val,images/samoyed_121.jpg,samoyed_72,Samoyed,train,images/samoyed_72.jpg,3,True,different images,
samoyed_141__samoyed_194,samoyed_141,Samoyed,test,images/samoyed_141.jpg,samoyed_194,Samoyed,train,images/samoyed_194.jpg,5,True,different images,
samoyed_188__samoyed_189,samoyed_188,Samoyed,train,images/samoyed_188.jpg,samoyed_189,Samoyed,train,images/samoyed_189.jpg,5,True,near-duplicate,
samoyed_188__samoyed_194,samoyed_188,Samoyed,train,images/samoyed_188.jpg,samoyed_194,Samoyed,train,images/samoyed_194.jpg,2,True,near-duplicate,
samoyed_21__samoyed_37,samoyed_21,Samoyed,val,images/samoyed_21.jpg,samoyed_37,Samoyed,test,images/samoyed_37.jpg,4,True,different images,
samoyed_23__samoyed_24,samoyed_23,Samoyed,train,images/samoyed_23.jpg,samoyed_24,Samoyed,train,images/samoyed_24.jpg,1,True,near-duplicate,
